-- MySQL dump 10.16  Distrib 10.1.25-MariaDB, for Win32 (AMD64)
--
-- Host: localhost    Database: food
-- ------------------------------------------------------
-- Server version	10.1.25-MariaDB

/*!40101 SET @OLD_CHARACTER_SET_CLIENT=@@CHARACTER_SET_CLIENT */;
/*!40101 SET @OLD_CHARACTER_SET_RESULTS=@@CHARACTER_SET_RESULTS */;
/*!40101 SET @OLD_COLLATION_CONNECTION=@@COLLATION_CONNECTION */;
/*!40101 SET NAMES utf8 */;
/*!40103 SET @OLD_TIME_ZONE=@@TIME_ZONE */;
/*!40103 SET TIME_ZONE='+00:00' */;
/*!40014 SET @OLD_UNIQUE_CHECKS=@@UNIQUE_CHECKS, UNIQUE_CHECKS=0 */;
/*!40014 SET @OLD_FOREIGN_KEY_CHECKS=@@FOREIGN_KEY_CHECKS, FOREIGN_KEY_CHECKS=0 */;
/*!40101 SET @OLD_SQL_MODE=@@SQL_MODE, SQL_MODE='NO_AUTO_VALUE_ON_ZERO' */;
/*!40111 SET @OLD_SQL_NOTES=@@SQL_NOTES, SQL_NOTES=0 */;

--
-- Table structure for table `locations`
--

DROP TABLE IF EXISTS `locations`;
/*!40101 SET @saved_cs_client     = @@character_set_client */;
/*!40101 SET character_set_client = utf8 */;
CREATE TABLE `locations` (
  `LNAME` varchar(255) NOT NULL,
  `PHONE` varchar(7) DEFAULT NULL,
  `ADDRESS` varchar(255) DEFAULT NULL,
  PRIMARY KEY (`LNAME`)
) ENGINE=InnoDB DEFAULT CHARSET=latin1;
/*!40101 SET character_set_client = @saved_cs_client */;

--
-- Dumping data for table `locations`
--

LOCK TABLES `locations` WRITE;
/*!40000 ALTER TABLE `locations` DISABLE KEYS */;
INSERT INTO `locations` VALUES ('Buttery','703 342','College St'),('Lincoln','683 452','Lincoln Place'),('O\'Neill\'s','674 213','Pearse St'),('Old Nag','767 813','Dame St');
/*!40000 ALTER TABLE `locations` ENABLE KEYS */;
UNLOCK TABLES;

--
-- Table structure for table `sandwiches`
--

DROP TABLE IF EXISTS `sandwiches`;
/*!40101 SET @saved_cs_client     = @@character_set_client */;
/*!40101 SET character_set_client = utf8 */;
CREATE TABLE `sandwiches` (
  `LOCATION` varchar(255) NOT NULL,
  `BREAD` varchar(255) NOT NULL,
  `FILLING` varchar(255) NOT NULL,
  `PRICE` float(3,2) DEFAULT NULL,
  PRIMARY KEY (`LOCATION`,`BREAD`,`FILLING`),
  CONSTRAINT `sandwiches_ibfk_1` FOREIGN KEY (`LOCATION`) REFERENCES `locations` (`LNAME`)
) ENGINE=InnoDB DEFAULT CHARSET=latin1;
/*!40101 SET character_set_client = @saved_cs_client */;

--
-- Dumping data for table `sandwiches`
--

LOCK TABLES `sandwiches` WRITE;
/*!40000 ALTER TABLE `sandwiches` DISABLE KEYS */;
INSERT INTO `sandwiches` VALUES ('Buttery','White','Cheese',1.00),('Buttery','White','Ham',1.10),('Lincoln','Rye','Beef',1.35),('Lincoln','Rye','Ham',1.25),('Lincoln','White','Ham',1.35),('O\'Neill\'s','White','Cheese',1.25),('O\'Neill\'s','White','Ham',1.25),('O\'Neill\'s','White','Turkey',1.35),('Old Nag','Rye','Beef',1.35),('Old Nag','Rye','Ham',1.40);
/*!40000 ALTER TABLE `sandwiches` ENABLE KEYS */;
UNLOCK TABLES;

--
-- Table structure for table `t1`
--

DROP TABLE IF EXISTS `t1`;
/*!40101 SET @saved_cs_client     = @@character_set_client */;
/*!40101 SET character_set_client = utf8 */;
CREATE TABLE `t1` (
  `ID` int(11) NOT NULL
) ENGINE=InnoDB DEFAULT CHARSET=latin1;
/*!40101 SET character_set_client = @saved_cs_client */;

--
-- Dumping data for table `t1`
--

LOCK TABLES `t1` WRITE;
/*!40000 ALTER TABLE `t1` DISABLE KEYS */;
INSERT INTO `t1` VALUES (101),(101),(101),(101);
/*!40000 ALTER TABLE `t1` ENABLE KEYS */;
UNLOCK TABLES;

--
-- Table structure for table `tastes`
--

DROP TABLE IF EXISTS `tastes`;
/*!40101 SET @saved_cs_client     = @@character_set_client */;
/*!40101 SET character_set_client = utf8 */;
CREATE TABLE `tastes` (
  `NAME` varchar(255) NOT NULL,
  `FILLING` varchar(255) NOT NULL,
  PRIMARY KEY (`NAME`,`FILLING`)
) ENGINE=InnoDB DEFAULT CHARSET=latin1;
/*!40101 SET character_set_client = @saved_cs_client */;

--
-- Dumping data for table `tastes`
--

LOCK TABLES `tastes` WRITE;
/*!40000 ALTER TABLE `tastes` DISABLE KEYS */;
INSERT INTO `tastes` VALUES ('Brown','Beef'),('Brown','Ham'),('Brown','Turkey'),('Green','Beef'),('Green','Cheese'),('Green','Turkey'),('Jones','Cheese');
/*!40000 ALTER TABLE `tastes` ENABLE KEYS */;
UNLOCK TABLES;
/*!40103 SET TIME_ZONE=@OLD_TIME_ZONE */;

/*!40101 SET SQL_MODE=@OLD_SQL_MODE */;
/*!40014 SET FOREIGN_KEY_CHECKS=@OLD_FOREIGN_KEY_CHECKS */;
/*!40014 SET UNIQUE_CHECKS=@OLD_UNIQUE_CHECKS */;
/*!40101 SET CHARACTER_SET_CLIENT=@OLD_CHARACTER_SET_CLIENT */;
/*!40101 SET CHARACTER_SET_RESULTS=@OLD_CHARACTER_SET_RESULTS */;
/*!40101 SET COLLATION_CONNECTION=@OLD_COLLATION_CONNECTION */;
/*!40111 SET SQL_NOTES=@OLD_SQL_NOTES */;

-- Dump completed on 2017-08-09 17:27:08
